{
  "members": [
    {
      "id": 1,
      "avatar_url": "https://source.unsplash.com/collection/3465564/500x500",
      "name": "Carlos Martos",
      "email": "carlos@gmail.com",
      "birth": 718934400000,
      "gender": "M",
      "blood": "A1",
      "weight": "90",
      "height": "160"
    },
    {
      "id": "[object Object]1",
      "avatar_url": "https://source.unsplash.com/collection/3465564/500x500",
      "name": "Simone Vieira",
      "email": "carlos@gmail.com",
      "birth": 971395200000,
      "gender": "F",
      "blood": "AB0",
      "weight": "90",
      "height": "160"
    },
    {
      "id": "[object Object]1",
      "avatar_url": "https://source.unsplash.com/collection/3465564/500x500",
      "name": "Micheli",
      "email": "carlos@gmail.com",
      "birth": 971395200000,
      "gender": "F",
      "blood": "AB0",
      "weight": "90",
      "height": "160"
    },
    {
      "id": "[object Object]1",
      "avatar_url": "https://source.unsplash.com/collection/3465564/500x500",
      "name": "Vitoria Souza",
      "email": "carlos@gmail.com",
      "birth": 971395200000,
      "gender": "F",
      "blood": "AB0",
      "weight": "90",
      "height": "160"
    }
  ],
  "instructors": [
    {
      "id": 1,
      "avatar_url": "https://source.unsplash.com/collection/3465564/500x500",
      "name": "Carlos Martos JR",
      "birth": 718934400000,
      "gender": "M",
      "services": "Musculação, Crossfit, Natação",
      "created_at": 1582934300000
    },
    {
      "id": 2,
      "avatar_url": "https://source.unsplash.com/collection/3465564/500x500",
      "name": "Mayke Brito",
      "birth": 918604800000,
      "gender": "M",
      "services": "Natação",
      "created_at": 1582934328524
    },
    {
      "id": 3,
      "avatar_url": "https://source.unsplash.com/collection/3465564/500x500",
      "name": "Guilherme Saraiva",
      "birth": 883612800000,
      "gender": "M",
      "services": "Crossfit, Natação, Jump",
      "created_at": 1582934364613
    },
    {
      "id": 4,
      "avatar_url": "https://source.unsplash.com/collection/3465564/500x500",
      "name": "Natalia Almeida",
      "birth": -17712000000,
      "gender": "F",
      "services": "Crossfit",
      "created_at": 1582934400602
    },
    {
      "id": 5,
      "avatar_url": "https://source.unsplash.com/collection/3465564/500x500",
      "name": "Dessy Lene",
      "birth": 1286668800000,
      "gender": "F",
      "services": "Natação",
      "created_at": 1582934432749
    }
  ]
}